Preprocessing,Accuracy
mean,0.8212290502793296
median,0.8212290502793296
